Project Name,block_address,query_used,lat,lon,matched_address
FORTUNE CENTRE,190 MIDDLE ROAD,190 MIDDLE ROAD,1.30042241913975,103.852286627386,190 MIDDLE ROAD FORTUNE CENTRE SINGAPORE 188979
JALAN BESAR CONSERVATION AREA,203A LAVENDER STREET,203A LAVENDER STREET,1.31417081930937,103.859881361105,203A LAVENDER STREET KWAN YIN CHAN LIN SINGAPORE 338763
CONCORDE SHOPPING CENTRE,317 OUTRAM ROAD,317 OUTRAM ROAD,1.28888605616528,103.834206802698,317 OUTRAM ROAD CONCORDE SHOPPING CENTRE SINGAPORE 169075
THE CENTRAL,6 EU TONG SEN STREET,6 EU TONG SEN STREET,1.2888737988701,103.846797382693,6 EU TONG SEN STREET NANYANG INSTITUTE OF MANAGEMENT SINGAPORE 059817
GUTHRIE BUILDING,150 CHANGI ROAD,150 CHANGI ROAD,1.31666836555229,103.902213409767,150 CHANGI ROAD GUTHRIE BUILDING SINGAPORE 419973
N.A.,81 JOO CHIAT ROAD,81 JOO CHIAT ROAD,1.31431177577297,103.899129859948,81 JOO CHIAT ROAD SINGAPORE 427725
PEOPLE'S PARK CENTRE,101 UPPER CROSS STREET,101 UPPER CROSS STREET,1.28549527021288,103.843851997218,101 UPPER CROSS STREET CHINATOWN POST OFFICE SINGAPORE 058357
THE MODULES,387 JOO CHIAT ROAD,387 JOO CHIAT ROAD,1.30796049185682,103.903830279651,387 JOO CHIAT ROAD THE MODULES SINGAPORE 427623
ROBINSON POINT,"37,39 ETC ROBINSON ROAD",37 ROBINSON ROAD,1.27959283204578,103.849547646073,39 ROBINSON ROAD ROBINSON POINT SINGAPORE 068911
PENINSULA PLAZA,111 NORTH BRIDGE ROAD,111 NORTH BRIDGE ROAD,1.29222075807721,103.850612609298,111 NORTH BRIDGE ROAD CONSULATE OF NEPAL SINGAPORE 179098
THE PLAZA,7500A BEACH ROAD,7500A BEACH ROAD,1.29945374471428,103.860070222609,7500A BEACH ROAD EMBASSY OF THE REPUBLIC OF ZIMBABWE SINGAPORE 199591
GEYLANG CONSERVATION AREA,259B GEYLANG ROAD,259B GEYLANG ROAD,1.31248726712219,103.877424666128,259B GEYLANG ROAD GEYLANG CONSERVATION AREA SINGAPORE 389315
SUNTEC TOWER TWO,9 TEMASEK BOULEVARD,9 TEMASEK BOULEVARD,1.29559492037457,103.858968011896,9 TEMASEK BOULEVARD SUNTEC TOWER TWO SINGAPORE 038989
INTERNATIONAL PLAZA,10 ANSON ROAD,10 ANSON ROAD,1.27573568143134,103.845703218601,10 ANSON ROAD CONSULATE-GENERAL OF THE REPUBLIC OF MALTA SINGAPORE 079903
FOOK HAI BUILDING,150 SOUTH BRIDGE ROAD,150 SOUTH BRIDGE ROAD,1.28497488239922,103.846439133077,150 SOUTH BRIDGE ROAD FOOK HAI BUILDING SINGAPORE 058727
EASTGATE,46 EAST COAST ROAD,46 EAST COAST ROAD,1.30438467017372,103.903338648502,46 EAST COAST ROAD CHERIE HEARTS @ EASTGATE PTE LTD SINGAPORE 428766
SPRINGLEAF TOWER,3 ANSON ROAD,3 ANSON ROAD,1.27508475472297,103.84624628336,3 ANSON ROAD SPRINGLEAF TOWER SINGAPORE 079909
HIGH STREET PLAZA,77 HIGH STREET,77 HIGH STREET,1.2904540746831,103.849358869172,77 HIGH STREET HIGH STREET PLAZA SINGAPORE 179433
SIM LIM TOWER,10 JALAN BESAR,10 JALAN BESAR,1.30377222122298,103.85466144692,10 JALAN BESAR SIM LIM TOWER SINGAPORE 208787
SIMS AVENUE CENTRE,540 SIMS AVENUE,540 SIMS AVENUE,1.31616810157098,103.889561883558,540 SIMS AVENUE SIMS AVENUE CENTRE SINGAPORE 387603
SIM LIM SQUARE,1 ROCHOR CANAL ROAD,1 ROCHOR CANAL ROAD,1.3030242605718,103.853037814067,1 ROCHOR CANAL ROAD SIM LIM SQUARE SINGAPORE 188504
THE CENTRAL,8 EU TONG SEN STREET,8 EU TONG SEN STREET,1.28895619990225,103.846796243026,8 EU TONG SEN STREET EMBASSY OF THE ARAB REPUBLIC OF EGYPT SINGAPORE 059818
BOON SING BUILDING,43 MIDDLE ROAD,43 MIDDLE ROAD,1.29702150960937,103.855386164193,43 MIDDLE ROAD BOON SING BUILDING SINGAPORE 188952
N.A.,246 GEYLANG ROAD,246 GEYLANG ROAD,1.31218565345167,103.877885188661,246 GEYLANG ROAD SINGAPORE 389305
SUNTEC TOWER THREE,8 TEMASEK BOULEVARD,8 TEMASEK BOULEVARD,1.29508403515588,103.859617505649,8 TEMASEK BOULEVARD EMBASSY OF THE REPUBLIC OF CHILE SINGAPORE 038988
PEACE CENTRE,1 SOPHIA ROAD,1 SOPHIA ROAD,1.30121862271795,103.849592475825,1 SOPHIA ROAD ONE SOPHIA SINGAPORE 228149
FAR EAST SHOPPING CENTRE,545 ORCHARD ROAD,545 ORCHARD ROAD,1.30550610748913,103.829984822014,545 ORCHARD ROAD FAR EAST SHOPPING CENTRE SINGAPORE 238882
GOLDHILL PLAZA,1 GOLDHILL PLAZA,1 GOLDHILL PLAZA,1.31782919793186,103.842889167307,1 GOLDHILL PLAZA GOLDHILL PLAZA SINGAPORE 308899
CHINATOWN PLAZA,34 CRAIG ROAD,34 CRAIG ROAD,,,
SHENTON HOUSE,3 SHENTON WAY,3 SHENTON WAY,1.27854512277704,103.850090039853,3 SHENTON WAY SHENTON HOUSE SINGAPORE 068805
GOLDEN MILE COMPLEX,5001 BEACH ROAD,5001 BEACH ROAD,1.30274220636743,103.86510408137,5001 BEACH ROAD THE GOLDEN MILE SINGAPORE 199588
THE BENCOOLEN,180 BENCOOLEN STREET,180 BENCOOLEN STREET,1.30166188823652,103.853356123694,180 BENCOOLEN STREET THE BENCOOLEN SINGAPORE 189646
N.A.,36 ARMENIAN STREET,36 ARMENIAN STREET,1.29402130654288,103.849641821673,36 ARMENIAN STREET SINGAPORE 179934
UNITED HOUSE,20 KRAMAT LANE,20 KRAMAT LANE,1.30106357567537,103.842461997492,20 KRAMAT LANE EMBASSY OF THE REPUBLIC OF UZBEKISTAN SINGAPORE 228773
KATONG PLAZA,1 BROOKE ROAD,1 BROOKE ROAD,,,
SUNTEC TOWER ONE,7 TEMASEK BOULEVARD,7 TEMASEK BOULEVARD,1.29542540402342,103.858378559681,7 TEMASEK BOULEVARD EMBASSY OF THE KINGDOM OF SPAIN SINGAPORE 038987
REGENCY SUITES,38 KIM TIAN ROAD,38 KIM TIAN ROAD,1.28434128785856,103.82912604887,38 KIM TIAN ROAD REGENCY SUITES SINGAPORE 169262
GSM BUILDING,141 MIDDLE ROAD,141 MIDDLE ROAD,1.29943775475739,103.85240273741,141 MIDDLE ROAD COLIWOO MIDTOWN SINGAPORE 188976
HIGH STREET CENTRE,1 NORTH BRIDGE ROAD,1 NORTH BRIDGE ROAD,1.28999676915058,103.849282222609,1 NORTH BRIDGE ROAD CONSULATE OF THE DEMOCRATIC REPUBLIC OF CONGO SINGAPORE 179094
POLY CREDIT BUILDING,288 JALAN BESAR,288 JALAN BESAR,1.31056078083496,103.858895468729,288 JALAN BESAR KM7 SINGAPORE 208951
GOLDEN WALL CENTRE,89 SHORT STREET,89 SHORT STREET,1.30394178690249,103.851485335347,89 SHORT STREET HOTEL MI ROCHOR SINGAPORE 188216
TEAMBUILD CENTRE,701 GEYLANG ROAD,701 GEYLANG ROAD,1.31478597560553,103.889462295301,701 GEYLANG ROAD TEAMBUILD CENTRE SINGAPORE 389687
PARKWAY PARADE,80 MARINE PARADE ROAD,80 MARINE PARADE ROAD,1.301041960873,103.905505005847,80 MARINE PARADE ROAD MARINE PARADE POST OFFICE SINGAPORE 449269
GRANDLINK SQUARE,511 GUILLEMARD ROAD,511 GUILLEMARD ROAD,1.3141912983094,103.891500511011,511 GUILLEMARD ROAD GRANDLINK SQUARE SINGAPORE 399849
LUCKY PLAZA,304 ORCHARD ROAD,304 ORCHARD ROAD,1.30450604646634,103.833962339817,304 ORCHARD ROAD LUCKY PLAZA SINGAPORE 238863
THE ARIZON,538 GEYLANG ROAD,538 GEYLANG ROAD,1.31371862266175,103.886588867863,538 GEYLANG ROAD THE ARIZON SINGAPORE 389493
GOLDEN MILE TOWER,6001 BEACH ROAD,6001 BEACH ROAD,1.30201130676831,103.864322517944,6001 BEACH ROAD CARNIVAL CINEMAS GOLDEN MILE SINGAPORE 199589
MANHATTAN HOUSE,151 CHIN SWEE ROAD,151 CHIN SWEE ROAD,1.28703443823013,103.840813247609,151 CHIN SWEE ROAD MANHATTAN HOUSE SINGAPORE 169876
ORCHARD TOWERS,400 ORCHARD ROAD,400 ORCHARD ROAD,1.30694456840806,103.829339596247,400 ORCHARD ROAD BETHANY CHURCH SINGAPORE SINGAPORE 238875
TONG ENG BUILDING,101 CECIL STREET,101 CECIL STREET,1.28096623481924,103.849392501855,101 CECIL STREET AGAPE LITTLE UNI. @ CECIL PTE. LTD. SINGAPORE 069533
SOUTHPOINT,200 CANTONMENT ROAD,200 CANTONMENT ROAD,1.27342504453311,103.841261971386,200 CANTONMENT ROAD CONSULATE OF THE SLOVAK REPUBLIC SINGAPORE 089763
FUYUEN COURT,520 SIMS AVENUE,520 SIMS AVENUE,1.31610089372943,103.888998018255,520 SIMS AVENUE FUYUEN COURT SINGAPORE 387580
MAS BUILDING,10 SHENTON WAY,10 SHENTON WAY,1.27476842632545,103.846679853865,10 SHENTON WAY MAS BUILDING SINGAPORE 079117
PEOPLE'S PARK CENTRE,101A UPPER CROSS STREET,101A UPPER CROSS STREET,1.28570964898095,103.843827426156,101A UPPER CROSS STREET PEOPLE'S PARK CENTRE SINGAPORE 058358
THE CENTRAL,12 EU TONG SEN STREET,12 EU TONG SEN STREET,1.28883856193458,103.846558025016,12 EU TONG SEN STREET THE CENTRAL SINGAPORE 059819
THE BENCOOLEN,180B BENCOOLEN STREET,180B BENCOOLEN STREET,1.30163231806657,103.853342606199,180B BENCOOLEN STREET THE BENCOOLEN SINGAPORE 189648
THE STRADIA,78 YIO CHU KANG ROAD,78 YIO CHU KANG ROAD,1.35806026279456,103.875116232416,78 YIO CHU KANG ROAD PICKET FENCE @ SERANGOON PTE. LTD. SINGAPORE 545571
HOA NAM BUILDING,27 FOCH ROAD,27 FOCH ROAD,1.31270184017357,103.859968759019,27 FOCH ROAD HOA NAM BUILDING SINGAPORE 209264
TEXTILE CENTRE,200 JALAN SULTAN,200 JALAN SULTAN,1.30397881313463,103.861554245252,200 JALAN SULTAN HOPE CHURCH SINGAPORE SINGAPORE 199018
MALACCA CENTRE,20 MALACCA STREET,20 MALACCA STREET,1.28393979832145,103.850711236652,20 MALACCA STREET MALACCA CENTRE SINGAPORE 048979
THE OCTAGON,105 CECIL STREET,105 CECIL STREET,1.28054975235403,103.849195746277,105 CECIL STREET GENIUS HIVE PRE-SCHOOL PTE. LTD. SINGAPORE 069534
REALTY CENTRE,15 ENGGOR STREET,15 ENGGOR STREET,,,
THE RIVERWALK,20 UPPER CIRCULAR ROAD,20 UPPER CIRCULAR ROAD,1.28897209658289,103.848459830887,20 UPPER CIRCULAR ROAD THE RIVERWALK SINGAPORE 058416
ORCHARD PLAZA,150 ORCHARD ROAD,150 ORCHARD ROAD,1.30125729409965,103.841150144584,150 ORCHARD ROAD ORCHARD PLAZA SINGAPORE 238841
ONE SHENTON,1 SHENTON WAY,1 SHENTON WAY,1.27929478959373,103.850552555075,1 SHENTON WAY ONE SHENTON SINGAPORE 068803
LE SHANTIER,519 BALESTIER ROAD,519 BALESTIER ROAD,1.32608927617256,103.846533689765,519 BALESTIER ROAD LE SHANTIER SINGAPORE 329852
PEOPLE'S PARK COMPLEX,1 PARK ROAD,1 PARK ROAD,1.28413397178419,103.842519972666,1 PARK ROAD PEOPLE'S PARK COMPLEX SINGAPORE 059108
AIG BUILDING,22 MARTIN ROAD,22 MARTIN ROAD,1.29188466066369,103.838507741772,22 MARTIN ROAD SINGAPORE 239058
TUNG ANN ASSOCIATION BUILDING,141 CECIL STREET,141 CECIL STREET,1.27925617613756,103.848411737205,141 CECIL STREET DA LITTLE PRESCHOOL AT CECIL PRIVATE LIMITED SINGAPORE 069541
ICON@CHANGI,228 CHANGI ROAD,228 CHANGI ROAD,1.31724236939499,103.904690327616,228 CHANGI ROAD ICON @ CHANGI SINGAPORE 419741
BEAUTY WORLD CENTRE,144 UPPER BUKIT TIMAH ROAD,144 UPPER BUKIT TIMAH ROAD,1.34241264188642,103.776539385406,144 UPPER BUKIT TIMAH ROAD BEAUTY WORLD CENTRE SINGAPORE 588177
CHINATOWN POINT,133 NEW BRIDGE ROAD,133 NEW BRIDGE ROAD,1.28533894878838,103.845015574621,133 NEW BRIDGE ROAD CHINATOWN LIBRARY SINGAPORE 059413
SOUTHBANK,883 NORTH BRIDGE ROAD,883 NORTH BRIDGE ROAD,1.30631203140306,103.86430833471,883 NORTH BRIDGE ROAD SOUTHBANK SINGAPORE 198785
CHOW HOUSE,140 ROBINSON ROAD,140 ROBINSON ROAD,1.27840697711555,103.848235943353,140 ROBINSON ROAD TAHIR BUILDING SINGAPORE 068907
TOWNSHEND BUILDING,54 MAUDE ROAD,54 MAUDE ROAD,1.30817285974835,103.858435880148,54 MAUDE ROAD TOWNSHEND BUILDING SINGAPORE 208346
ROXY SQUARE,50 EAST COAST ROAD,50 EAST COAST ROAD,1.30335696401522,103.904685504029,50 EAST COAST ROAD GRAND MERCURE ROXY HOTEL SINGAPORE 428769
SAMSUNG HUB,3 CHURCH STREET,3 CHURCH STREET,1.2832632231733,103.849626546611,3 CHURCH STREET SAMSUNG HUB SINGAPORE 049483
BUKIT TIMAH SHOPPING CENTRE,170 UPPER BUKIT TIMAH ROAD,170 UPPER BUKIT TIMAH ROAD,1.34316475341698,103.776031354379,170 UPPER BUKIT TIMAH ROAD BUKIT TIMAH SHOPPING CENTRE SINGAPORE 588179
LOFT @ NATHAN,428 RIVER VALLEY ROAD,428 RIVER VALLEY ROAD,1.29446098581955,103.8276209036,428 RIVER VALLEY ROAD LOFT @ NATHAN SINGAPORE 248327
GB BUILDING,143 CECIL STREET,143 CECIL STREET,1.27875862730082,103.848069533957,143 CECIL STREET GB BUILDING SINGAPORE 069542
BYLANDS BUILDING,135 MIDDLE ROAD,135 MIDDLE ROAD,1.2992611756542,103.852615359763,135 MIDDLE ROAD BYLANDS BUILDING SINGAPORE 188975
THE 101,101 BEACH ROAD,101 BEACH ROAD,1.29775245086994,103.856949531399,101 BEACH ROAD THE 101 SINGAPORE 189703
TELOK BLANGAH HOUSE,52 TELOK BLANGAH ROAD,52 TELOK BLANGAH ROAD,1.26617727280392,103.823388742056,52 TELOK BLANGAH ROAD TELOK BLANGAH HOUSE SINGAPORE 098829
BALESTIER POINT,279 BALESTIER ROAD,279 BALESTIER ROAD,1.32281193728737,103.852026274201,279 BALESTIER ROAD BALESTIER POINT SINGAPORE 329727
MAXWELL HOUSE,20 MAXWELL ROAD,20 MAXWELL ROAD,,,
CHEVRON HOUSE,30 RAFFLES PLACE,30 RAFFLES PLACE,1.28419337002984,103.851954013719,30 RAFFLES PLACE BNI TOWER SINGAPORE 048622
THE SUNFLOWER,510 GEYLANG ROAD,510 GEYLANG ROAD,1.31351033747396,103.885333650797,510 GEYLANG ROAD THE SUNFLOWER SINGAPORE 389466
PEK CHUAN BUILDING,116 LAVENDER STREET,116 LAVENDER STREET,1.31189484266367,103.862362684962,116 LAVENDER STREET PEK CHUAN BUILDING SINGAPORE 338730
BUKIT TIMAH PLAZA,1 JALAN ANAK BUKIT,1 JALAN ANAK BUKIT,1.33875930729064,103.778600077834,1 JALAN ANAK BUKIT BUKIT TIMAH PLAZA SINGAPORE 588996
KEPPEL TOWERS/GE TOWER,"10,240(ENBLOC) HOE CHIANG ROAD/TANJONG PAGAR ROAD",10 HOE CHIANG ROAD,1.27440248919531,103.842238244254,10 HOE CHIANG ROAD KEPPEL SOUTH CENTRAL SINGAPORE 089315
SIGLAP V,2 FIRST STREET,2 FIRST STREET,1.31284706410149,103.923788580901,2 FIRST STREET SIGLAP V SINGAPORE 458278
SAN CENTRE,171 CHIN SWEE ROAD,171 CHIN SWEE ROAD,1.28674603317591,103.840214782123,171 CHIN SWEE ROAD CES CENTRE SINGAPORE 169877
BALMORAL PLAZA,271 BUKIT TIMAH ROAD,271 BUKIT TIMAH ROAD,1.31643963008359,103.835487584433,271 BUKIT TIMAH ROAD BALMORAL PLAZA SINGAPORE 259708
ICB SHOPPING CENTRE,8J YIO CHU KANG ROAD,8J YIO CHU KANG ROAD,1.35458411311499,103.877789977988,8J YIO CHU KANG ROAD ICB SHOPPING CENTRE SINGAPORE 545522
CHENN LEONN BUILDING,3A ALIWAL STREET,3A ALIWAL STREET,1.30169545313698,103.861226008861,3A ALIWAL STREET CHENN LEONN BUILDING SINGAPORE 199896
CHENN LEONN BUILDING,5A ALIWAL STREET,5A ALIWAL STREET,1.30174248542109,103.861198234549,5A ALIWAL STREET CHENN LEONN BUILDING SINGAPORE 199898
GUILIN BUILDING,8 LORONG 27A GEYLANG,8 LORONG 27A GEYLANG,1.31440432579374,103.885000848434,8 LORONG 27A GEYLANG GUILIN BUILDING SINGAPORE 388106
FAR EAST FINANCE BUILDING,14 ROBINSON ROAD,14 ROBINSON ROAD,1.2821417096259,103.85075483266,14 ROBINSON ROAD FAR EAST FINANCE BUILDING SINGAPORE 048545
KATONG SHOPPING CENTRE,865 MOUNTBATTEN ROAD,865 MOUNTBATTEN ROAD,1.30381323460706,103.900952077233,865 MOUNTBATTEN ROAD CHAMPZ SCHOOL HOUSE PTE. LTD. SINGAPORE 437844
BRIGHT CENTRE,55 LORONG L TELOK KURAU,55 LORONG L TELOK KURAU,1.3118205086709,103.910557235164,55 LORONG L TELOK KURAU BRIGHT CENTRE SINGAPORE 425500
PARAMOUNT SHOPPING CENTRE,30 EAST COAST ROAD,30 EAST COAST ROAD,1.30394669999181,103.902825585763,30 EAST COAST ROAD KATONG V SINGAPORE 428751
SOHO LIFE,216 JOO CHIAT ROAD,216 JOO CHIAT ROAD,1.311960653325,103.900424708242,216 JOO CHIAT ROAD SOHO LIFE SINGAPORE 427483
PARKWAY CENTRE,1 MARINE PARADE CENTRAL,1 MARINE PARADE CENTRAL,1.30188732078192,103.905996468402,1 MARINE PARADE CENTRAL PARKWAY CENTRE SINGAPORE 449408
UPPER SERANGOON SHOPPING CENTRE,756 UPPER SERANGOON ROAD,756 UPPER SERANGOON ROAD,1.35348082277147,103.878828134896,756 UPPER SERANGOON ROAD UPPER SERANGOON SHOPPING CENTRE SINGAPORE 534626
TAC BUILDING,"331,331C,333A,333D E JALAN BESAR",331 E JALAN BESAR,1.34054499977967,103.756844039944,541 BUKIT BATOK STREET 23 TACAM INDUSTRIAL BUILDING SINGAPORE 659546
THE ADELPHI,1 COLEMAN STREET,1 COLEMAN STREET,1.29118503658447,103.851184338699,1 COLEMAN STREET THE ADELPHI SINGAPORE 179803
GOLDHILL SHOPPING CENTRE,"175,177 THOMSON ROAD",175 THOMSON ROAD,1.31827629760157,103.843669275277,175 THOMSON ROAD GOLDHILL SHOPPING CENTRE SINGAPORE 307624
GIFFARD MANSIONS,424 BALESTIER ROAD,424 BALESTIER ROAD,1.32619717807328,103.84910065649,424 BALESTIER ROAD GIFFARD MANSIONS SINGAPORE 329810
TONG BUILDING,302 ORCHARD ROAD,302 ORCHARD ROAD,1.30394537388751,103.834827426749,302 ORCHARD ROAD TONG BUILDING SINGAPORE 238862
JALAN BESAR PLAZA,101 KITCHENER ROAD,101 KITCHENER ROAD,1.30865766748104,103.858066663176,101 KITCHENER ROAD JALAN BESAR PLAZA SINGAPORE 208511
BOON SING BUILDING,41 MIDDLE ROAD,41 MIDDLE ROAD,1.29702150960937,103.855386164465,41 MIDDLE ROAD BOON SING BUILDING SINGAPORE 188950
MERCHANT SQUARE,"51,2 MERCHANT ROAD/FISHER STREET",51 MERCHANT ROAD,1.28880580674255,103.843480960123,51 MERCHANT ROAD RAFFLES COLLEGE OF HIGHER EDUCATION SINGAPORE 058283
LOT 18,2 ALIWAL STREET,2 ALIWAL STREET,1.30186780183715,103.861507444818,2 ALIWAL STREET HONGKONG PALACE BUILDING SINGAPORE 199895
N.A.,"40,40A,40B,40C,40D CARPENTER STREET",40 CARPENTER STREET,1.28782986256687,103.847869891787,40 CARPENTER STREET SINGAPORE 059919
PENINSULA SHOPPING COMPLEX,3 COLEMAN STREET,3 COLEMAN STREET,1.29180789601988,103.850272637854,3 COLEMAN STREET PENINSULA SHOPPING COMPLEX SINGAPORE 179804
THONG SIA BUILDING,30 BIDEFORD ROAD,30 BIDEFORD ROAD,1.30425053163192,103.836812766145,30 BIDEFORD ROAD ORCHARD HILLS SINGAPORE 229922
PRUDENTIAL TOWER,30 CECIL STREET,30 CECIL STREET,1.2827970957662,103.849887722614,30 CECIL STREET PRUDENTIAL TOWER SINGAPORE 049712
THONG TECK BUILDING,15 SCOTTS ROAD,15 SCOTTS ROAD,1.30788492696723,103.83273062786,15 SCOTTS ROAD 15 SCOTTS SINGAPORE 228218
LUCRUM CAPITAL BUILDING,1 FINLAYSON GREEN,1 FINLAYSON GREEN,1.28224053148139,103.851287256982,1 FINLAYSON GREEN ONE FINLAYSON GREEN SINGAPORE 049246
THE RIVERSIDE PIAZZA,11 KENG CHEOW STREET,11 KENG CHEOW STREET,1.28852635485141,103.843960031317,11 KENG CHEOW STREET COLUMBIA JUNIOR ACADEMY PTE. LTD. SINGAPORE 059608
THE MEZZO,205 BALESTIER ROAD,205 BALESTIER ROAD,1.32052452699851,103.852447326986,205 BALESTIER ROAD THE MEZZO SINGAPORE 329682
CAVAN SUITES,11 CAVAN ROAD,11 CAVAN ROAD,1.31099855930995,103.861155186704,11 CAVAN ROAD CAVAN SUITES SINGAPORE 209848
HERITAGE PLACE,21 TAN QUEE LAN STREET,21 TAN QUEE LAN STREET,1.29858926583677,103.856405058091,21 TAN QUEE LAN STREET HERITAGE PLACE SINGAPORE 188108
ANSON HOUSE,72 ANSON ROAD,72 ANSON ROAD,1.27387959086363,103.844426391011,72 ANSON ROAD ANSON HOUSE SINGAPORE 079911
SUNSHINE PLAZA,91 BENCOOLEN STREET,91 BENCOOLEN STREET,1.30034762081549,103.851046168708,91 BENCOOLEN STREET SUNSHINE PLAZA SINGAPORE 189652
SULTAN PLAZA,100 JALAN SULTAN,100 JALAN SULTAN,1.30294528666428,103.861851786605,100 JALAN SULTAN GOLDEN SULTAN PLAZA SINGAPORE 199001
MIDLAND HOUSE,112 MIDDLE ROAD,112 MIDDLE ROAD,1.29907498369995,103.853742833504,112 MIDDLE ROAD MIDLAND HOUSE SINGAPORE 188970
RCL CENTRE,11 KEPPEL ROAD,11 KEPPEL ROAD,1.27311087070405,103.842871095268,11 KEPPEL ROAD ABI PLAZA SINGAPORE 089057
BALESTIER TOWERS,207 BALESTIER ROAD,207 BALESTIER ROAD,1.32095396089287,103.852301346749,207 BALESTIER ROAD BT CENTRE SINGAPORE 329683
ORCHARD TOWERS,1 CLAYMORE DRIVE,1 CLAYMORE DRIVE,1.30756236897064,103.829352193027,1 CLAYMORE DRIVE EMBASSY OF ROMANIA SINGAPORE 229594
CHENN LEONN BUILDING,1A ALIWAL STREET,1A ALIWAL STREET,1.30164759613016,103.861250642435,1A ALIWAL STREET CHENN LEONN BUILDING SINGAPORE 199894
ICB SHOPPING CENTRE,8A YIO CHU KANG ROAD,8A YIO CHU KANG ROAD,1.35458411311499,103.877789977988,8A YIO CHU KANG ROAD ICB SHOPPING CENTRE SINGAPORE 545522
QUEENSWAY SHOPPING CENTRE,1 QUEENSWAY,1 QUEENSWAY,1.28759518939869,103.803397287789,1 QUEENSWAY QUEENSWAY SHOPPING CENTRE SINGAPORE 149053
CORONATION SHOPPING PLAZA,587 BUKIT TIMAH ROAD,587 BUKIT TIMAH ROAD,1.32383512178759,103.809999570047,587 BUKIT TIMAH ROAD CORONATION SHOPPING PLAZA SINGAPORE 269707
MIDLINK PLAZA,122 MIDDLE ROAD,122 MIDDLE ROAD,1.29960950187876,103.853118508952,122 MIDDLE ROAD MERCURE SINGAPORE BUGIS SINGAPORE 188973
UNION BUILDING,171 TRAS STREET,171 TRAS STREET,1.27444651846065,103.843929515239,171 TRAS STREET UNION BUILDING SINGAPORE 079025
WIS@CHANGI,116 CHANGI ROAD,116 CHANGI ROAD,1.31647122783973,103.901232839024,116 CHANGI ROAD WIS@CHANGI SINGAPORE 419718
COMMERCE POINT,3 PHILLIP STREET,3 PHILLIP STREET,1.28466221614276,103.849976556144,3 PHILLIP STREET CONSULATE OF THE REPUBLIC OF LITHUANIA SINGAPORE 048693
LIPPO BUILDING,1 PHILLIP STREET,1 PHILLIP STREET,1.28497457584876,103.850025190454,1 PHILLIP STREET ROYAL ONE PHILLIP SINGAPORE 048692
IFPAS BUILDING,7 HONGKONG STREET,7 HONGKONG STREET,1.28746405023468,103.847711699114,7 HONGKONG STREET HOTEL CLOVER 7 HONGKONG STREET SINGAPORE 059650
ROBINSON SQUARE,144 ROBINSON ROAD,144 ROBINSON ROAD,1.27826614361665,103.848149742737,144 ROBINSON ROAD ROBINSON SQUARE SINGAPORE 068908
OKIO,262 BALESTIER ROAD,262 BALESTIER ROAD,1.32213342822747,103.853199661872,262 BALESTIER ROAD OKIO SINGAPORE 329714
CENTROPOD @ CHANGI,80 CHANGI ROAD,80 CHANGI ROAD,1.3163342529209,103.900524938485,80 CHANGI ROAD CENTROPOD @ CHANGI SINGAPORE 419715
PAYA LEBAR SQUARE,60 PAYA LEBAR ROAD,60 PAYA LEBAR ROAD,1.31881487007651,103.892580778514,60 PAYA LEBAR ROAD PAYA LEBAR SQUARE SINGAPORE 409051
ORIENTAL VENTURE BUILDING,711 GEYLANG ROAD,711 GEYLANG ROAD,1.31487379175539,103.889947604393,711 GEYLANG ROAD ORIENTAL VENTURE BUILDING SINGAPORE 389626
PS100,100 PECK SEAH STREET,100 PECK SEAH STREET,1.27585064007043,103.844244849875,"100 PECK SEAH STREET OASIA HOTEL DOWNTOWN, SINGAPORE SINGAPORE 079333"
GRTH BUILDING,66 (ENBLOC) EAST COAST ROAD,66 EAST COAST ROAD,1.30457354662016,103.904203116447,66 EAST COAST ROAD THE FLOW MALL SINGAPORE 428778
ICB ENTERPRISE HOUSE,116 MIDDLE ROAD,116 MIDDLE ROAD,1.29927207170387,103.853507276608,116 MIDDLE ROAD ICB ENTERPRISE HOUSE SINGAPORE 188972
OXLEY TOWER,138 ROBINSON ROAD,138 ROBINSON ROAD,1.27870608494088,103.848418970551,138 ROBINSON ROAD OXLEY TOWER SINGAPORE 068906
EON SHENTON,70 SHENTON WAY,70 SHENTON WAY,1.27388660363944,103.846235542245,70 SHENTON WAY EON SHENTON SINGAPORE 079118
N.A.,289 BEACH ROAD,289 BEACH ROAD,1.3010276538017,103.860566716683,289 BEACH ROAD SINGAPORE 199552
THE ODEON KATONG,11 EAST COAST ROAD,11 EAST COAST ROAD,1.31292468990775,103.925681544385,11 UPPER EAST COAST ROAD SINGAPORE 455205
KEYPOINT,371 BEACH ROAD,371 BEACH ROAD,1.30231590504573,103.862331661034,371 BEACH ROAD CITY GATE SINGAPORE 199597
PARKLANE SHOPPING MALL,35 SELEGIE ROAD,35 SELEGIE ROAD,1.30064530196806,103.849448612005,35 SELEGIE ROAD PARKLANE SHOPPING MALL SINGAPORE 188307
TUNG CENTRE,20 COLLYER QUAY,20 COLLYER QUAY,1.28468928277083,103.852692297865,20 COLLYER QUAY 20 COLLYER QUAY SINGAPORE 049319
BURLINGTON SQUARE,175A BENCOOLEN STREET,175A BENCOOLEN STREET,1.3022432704693,103.852700214718,175A BENCOOLEN STREET BURLINGTON SQUARE SINGAPORE 189650
TANGLIN SHOPPING CENTRE,19 TANGLIN ROAD,19 TANGLIN ROAD,,,
STUDIO8,8 JALAN AYER,8 JALAN AYER,1.31110937477676,103.873025954425,8 JALAN AYER STUDIO8 SINGAPORE 389144
THE ARCADE,11 COLLYER QUAY,11 COLLYER QUAY,1.283619583733,103.852068945868,11 COLLYER QUAY THE ARCADE SINGAPORE 049317
URBAN HERITAGE,238 BALESTIER ROAD,238 BALESTIER ROAD,1.32184413934142,103.853334117435,238 BALESTIER ROAD URBAN HERITAGE SINGAPORE 329701
NAM PENG CENTRE,767 UPPER SERANGOON ROAD,767 UPPER SERANGOON ROAD,1.35469895424795,103.878329825749,767 UPPER SERANGOON ROAD SPAZIO @ KOVAN SINGAPORE 534635
ROCCA BALESTIER,221 BALESTIER ROAD,221 BALESTIER ROAD,1.32129563232502,103.852526109528,221 BALESTIER ROAD ROCCA BALESTIER SINGAPORE 329928
N.A.,608B GEYLANG ROAD,608B GEYLANG ROAD,1.31415001272084,103.888544866086,608B GEYLANG ROAD SINGAPORE 389547
TREASURES@G19,33 LORONG 19 GEYLANG,33 LORONG 19 GEYLANG,1.3139281583716,103.87898672052,33 LORONG 19 GEYLANG TREASURES@G19 SINGAPORE 388502
SERANGOON PLAZA,320 SERANGOON ROAD,320 SERANGOON ROAD,1.31089355522204,103.855128248182,320 SERANGOON ROAD CENTRIUM SQUARE SINGAPORE 218108
GOLDHILL SHOPPING CENTRE,169B THOMSON ROAD,169B THOMSON ROAD,1.31796322668821,103.843422875071,169B THOMSON ROAD GOLDHILL SHOPPING CENTRE SINGAPORE 307621
DIMENSIONS BUILDING,23C KAMPONG BAHRU ROAD,23C KAMPONG BAHRU ROAD,1.27708979191955,103.836580334145,23 KAMPONG BAHRU ROAD DIMENSIONS BUILDING SINGAPORE 169349
N.A.,25B KAMPONG BAHRU ROAD,25B KAMPONG BAHRU ROAD,1.32313886378856,103.810676168559,559 BUKIT TIMAH ROAD BIBINOGS PRESCHOOL K.A. SINGAPORE 269695
N.A.,25C KAMPONG BAHRU ROAD,25C KAMPONG BAHRU ROAD,1.32313886378856,103.810676168559,559 BUKIT TIMAH ROAD BIBINOGS PRESCHOOL K.A. SINGAPORE 269695
DIMENSIONS BUILDING,23B KAMPONG BAHRU ROAD,23B KAMPONG BAHRU ROAD,1.27708979191955,103.836580334145,23 KAMPONG BAHRU ROAD DIMENSIONS BUILDING SINGAPORE 169349
SIMON PLAZA,2 KOVAN ROAD,2 KOVAN ROAD,1.3619760292092,103.884992801669,2 KOVAN ROAD SIMON PLAZA SINGAPORE 548008
NOL BUILDING,456 ALEXANDRA ROAD,456 ALEXANDRA ROAD,1.27521485721291,103.801329949505,456 ALEXANDRA ROAD FRAGRANCE EMPIRE BUILDING SINGAPORE 119962
FURAMA CITY CENTRE SINGAPORE,60 EU TONG SEN STREET,60 EU TONG SEN STREET,1.28647356558562,103.844588546607,60 EU TONG SEN STREET FURAMA CITY CENTRE SINGAPORE SINGAPORE 059804
N.A.,79 ANSON ROAD,79 ANSON ROAD,1.27409847579456,103.845671181577,79 ANSON ROAD SINGAPORE 079906
SUNFLOWER VIEW,30 LORONG 36 GEYLANG,30 LORONG 36 GEYLANG,1.31288444198327,103.888327290325,30 LORONG 36 GEYLANG SUNFLOWER VIEW SINGAPORE 398162
TS BUILDING,286 JALAN BESAR,286 JALAN BESAR,1.31051950328241,103.858868190822,286 JALAN BESAR HO TAT SONG BUILDING SINGAPORE 208949
ALEXANDRA CENTRAL,321 ALEXANDRA ROAD,321 ALEXANDRA ROAD,1.28728320930592,103.805283367958,321 ALEXANDRA ROAD ALEXANDRA CENTRAL SINGAPORE 159971
GEYLANG CONSERVATION AREA,257A GEYLANG ROAD,257A GEYLANG ROAD,1.31248088409332,103.877385433408,257A GEYLANG ROAD GEYLANG CONSERVATION AREA SINGAPORE 389313
SBF CENTER,160 ROBINSON ROAD,160 ROBINSON ROAD,1.27812790985944,103.847854628243,160 ROBINSON ROAD SINGAPORE BUSINESS FEDERATION CENTER (SBF CENTER) SINGAPORE 068914
AIA CHANGI,160 CHANGI ROAD,160 CHANGI ROAD,1.3167232592555,103.902443640278,160 CHANGI ROAD HEXACUBE SINGAPORE 419728
BRIGHT CHAMBERS,108 MIDDLE ROAD,108 MIDDLE ROAD,1.29888493362707,103.853977870683,108 MIDDLE ROAD BERNHARD SCHULTE HOUSE SINGAPORE 188967
CROWN CENTRE,557 BUKIT TIMAH ROAD,557 BUKIT TIMAH ROAD,1.32304666837659,103.811160666737,557 BUKIT TIMAH ROAD CROWN CENTRE SINGAPORE 269694
CRU CENTRE,18 VERDUN ROAD,18 VERDUN ROAD,1.31008576064582,103.856451042108,18 VERDUN ROAD CRU CENTRE SINGAPORE 207280
CONCORDE HOTEL AND SHOPPING MALL,100 ORCHARD ROAD,100 ORCHARD ROAD,1.30061437384276,103.842228045431,100 ORCHARD ROAD CONCORDE HOTEL AND SHOPPING MALL SINGAPORE 238840
ORCHARD SHOPPING CENTRE,321 ORCHARD ROAD,321 ORCHARD ROAD,1.30149992510852,103.837888257002,321 ORCHARD ROAD ORCHARD SHOPPING CENTRE SINGAPORE 238866
TELOK AYER CONSERVATION AREA,"66,68 SOUTH BRIDGE ROAD",66 SOUTH BRIDGE ROAD,1.28170485630724,103.846266375,65 CLUB STREET TELOK AYER CONSERVATION AREA SINGAPORE 069439
SINGAPORE SHOPPING CENTRE,190 CLEMENCEAU AVENUE,190 CLEMENCEAU AVENUE,1.29815265394505,103.844111318107,190 CLEMENCEAU AVENUE SINGAPORE SHOPPING CENTRE SINGAPORE 239924
GOLDHILL SHOPPING CENTRE,173 THOMSON ROAD,173 THOMSON ROAD,1.31792355830923,103.84331129647,173 THOMSON ROAD GOLDHILL SHOPPING CENTRE SINGAPORE 307623
GOLDHILL SHOPPING CENTRE,199 THOMSON ROAD,199 THOMSON ROAD,1.31832443581341,103.843247551845,199 THOMSON ROAD GOLDHILL SHOPPING CENTRE SINGAPORE 307636
GOLDHILL SHOPPING CENTRE,163A THOMSON ROAD,163A THOMSON ROAD,1.31801442587706,103.843579354354,163A THOMSON ROAD GOLDHILL SHOPPING CENTRE SINGAPORE 307616
GOLDHILL SHOPPING CENTRE,165A THOMSON ROAD,165A THOMSON ROAD,1.31799750172748,103.843528238517,165A THOMSON ROAD GOLDHILL SHOPPING CENTRE SINGAPORE 307618
N.A.,"450,452 ALEXANDRA ROAD",450 ALEXANDRA ROAD,1.27666696297319,103.802112186583,450 ALEXANDRA ROAD SINGAPORE 119960
N.A.,118 HOLLAND AVENUE,118 HOLLAND AVENUE,1.31056351530083,103.796107173318,118 HOLLAND AVENUE RAFFLES HOLLAND V SINGAPORE 278997
GRAND BUILDING,17 PHILLIP STREET,17 PHILLIP STREET,1.28435980131741,103.849861075273,17 PHILLIP STREET GRAND BUILDING SINGAPORE 048695
ARC 380,380 JALAN BESAR,380 JALAN BESAR,1.3132174360132,103.860335049351,380 JALAN BESAR ARC 380 SINGAPORE 209000
HEXACUBE,160 CHANGI ROAD,160 CHANGI ROAD,1.3167232592555,103.902443640278,160 CHANGI ROAD HEXACUBE SINGAPORE 419728
VISION EXCHANGE,2 VENTURE DRIVE,2 VENTURE DRIVE,1.33015172071471,103.744574631833,2 VENTURE DRIVE VISION EXCHANGE SINGAPORE 608526
MING ARCADE,21 CUSCADEN ROAD,21 CUSCADEN ROAD,,,
KEMBANGAN PLAZA,18 JALAN MASJID,18 JALAN MASJID,1.32037255609864,103.912642849629,18 JALAN MASJID KEMBANGAN PLAZA SINGAPORE 418944
EQUITY PLAZA,20 CECIL STREET,20 CECIL STREET,1.28305868511019,103.85047428531,20 CECIL STREET PLUS SINGAPORE 049705
EMERALD GARDEN,31 CLUB STREET,31 CLUB STREET,1.2823369082896,103.846326282461,31 CLUB STREET EMERALD GARDEN SINGAPORE 069468
ONE MARINA BOULEVARD,1 MARINA BOULEVARD,1 MARINA BOULEVARD,1.28225513828498,103.852615142196,1 MARINA BOULEVARD ONE MARINA BOULEVARD SINGAPORE 018989
HAVELOCK2,2 HAVELOCK ROAD,2 HAVELOCK ROAD,1.28715061616661,103.845153736863,2 HAVELOCK ROAD HAVELOCK2 SINGAPORE 059763
STRAITS TRADING BUILDING,9 BATTERY ROAD,9 BATTERY ROAD,1.28513099274851,103.852344992142,9 BATTERY ROAD MYP CENTRE SINGAPORE 049910
N.A.,6 RAFFLES QUAY,6 RAFFLES QUAY,1.28181247914636,103.85138450513,6 RAFFLES QUAY SINGAPORE 048580
PEARL BANK APARTMENT,1 PEARL BANK,1 PEARL BANK,1.28296148659589,103.839814598308,1 PEARL BANK ONE PEARL BANK SINGAPORE 169016
HUB SYNERGY POINT,70 ANSON ROAD,70 ANSON ROAD,1.27405327068656,103.84466726954,70 ANSON ROAD HUB SYNERGY POINT SINGAPORE 079905
N.A.,787 UPPER SERANGOON ROAD,787 UPPER SERANGOON ROAD,1.3554958339894,103.879295847739,787 UPPER SERANGOON ROAD SINGAPORE 534654
CROWN AT ROBINSON,140 ROBINSON ROAD,140 ROBINSON ROAD,1.27840697711555,103.848235943353,140 ROBINSON ROAD TAHIR BUILDING SINGAPORE 068907
GSH PLAZA,20 CECIL STREET,20 CECIL STREET,1.28305868511019,103.85047428531,20 CECIL STREET PLUS SINGAPORE 049705
SPI CENTRE,"59,61,63 NEW BRIDGE ROAD",59 NEW BRIDGE ROAD,1.28793062954853,103.846912565537,59 NEW BRIDGE ROAD SPI CENTRE SINGAPORE 059405
N.A.,158 CECIL STREET,158 CECIL STREET,1.27978878392412,103.848043260257,158 CECIL STREET SINGAPORE 069545
BRIGHT CENTRE,212 TELOK KURAU ROAD,212 TELOK KURAU ROAD,1.31208929632504,103.910595032354,212 TELOK KURAU ROAD BRIGHT CENTRE SINGAPORE 423835
CT HUB 2,114 LAVENDER STREET,114 LAVENDER STREET,1.31158791334051,103.863375124429,114 LAVENDER STREET CT HUB 2 SINGAPORE 338729
CPF BUILDING,79 ROBINSON ROAD,79 ROBINSON ROAD,1.27714402952808,103.848055820236,79 ROBINSON ROAD CAPITASKY SINGAPORE 068897
CENTRAL MALL,1 MAGAZINE ROAD,1 MAGAZINE ROAD,1.28842848666711,103.84230028531,1 MAGAZINE ROAD UNION SQUARE CENTRAL SINGAPORE 059567
N.A.,"7,9 TAMPINES GRANDE",7 TAMPINES GRANDE,1.35571330189512,103.941302004337,7 TAMPINES GRANDE ASIA GREEN SINGAPORE 528736
MANULIFE CENTRE,51 BRAS BASAH ROAD,51 BRAS BASAH ROAD,1.29793747849037,103.850182257356,51 BRAS BASAH ROAD LAZADA ONE SINGAPORE 189554
N.A.,"49,49A,49B,49C,53 NEW BRIDGE ROAD",49 NEW BRIDGE ROAD,1.28813823138118,103.847068354967,49 NEW BRIDGE ROAD SINGAPORE 059400
N.A.,36 CARPENTER STREET,36 CARPENTER STREET,1.28797055262351,103.847669086402,36 CARPENTER STREET CARPENTER HAUS SINGAPORE 059915
CENTRIUM SQUARE,320 SERANGOON ROAD,320 SERANGOON ROAD,1.31089355522204,103.855128248182,320 SERANGOON ROAD CENTRIUM SQUARE SINGAPORE 218108
MERCHANTS BUILDING,76 SOUTH BRIDGE ROAD,76 SOUTH BRIDGE ROAD,1.28696625647615,103.847834337689,76 SOUTH BRIDGE ROAD MERCHANTS BUILDING SINGAPORE 058706
PENINSULA EXCELSIOR HOTEL,5 COLEMAN STREET,5 COLEMAN STREET,1.29201593006902,103.849820400271,5 COLEMAN STREET EXCELSIOR SHOPPING CENTRE SINGAPORE 179805
111 SOMERSET,111 SOMERSET ROAD,111 SOMERSET ROAD,1.30020625685959,103.837317132796,111 SOMERSET ROAD 111 SOMERSET SINGAPORE 238164
WOODS SQUARE,12 WOODLANDS SQUARE,12 WOODLANDS SQUARE,1.43530562894075,103.784539481204,12 WOODLANDS SQUARE WOODS SQUARE SINGAPORE 737715
WOODS SQUARE,10 WOODLANDS SQUARE,10 WOODLANDS SQUARE,1.43475811565612,103.785365472374,10 WOODLANDS SQUARE WOODS SQUARE SINGAPORE 737714
N.A.,110 ROBINSON ROAD,110 ROBINSON ROAD,1.27943057809586,103.848899829225,110 ROBINSON ROAD ERH BUILDING SINGAPORE 068901
CHERN SENG BUILDING,7 HINDOO ROAD,7 HINDOO ROAD,1.30873484923478,103.853876125276,7 HINDOO ROAD CHERN SENG BUILDING SINGAPORE 209108
ROBINSON 77,77 ROBINSON ROAD,77 ROBINSON ROAD,1.27775258405306,103.848429019412,77 ROBINSON ROAD ROBINSON 77 SINGAPORE 068896
N.A.,118 JOO CHIAT ROAD,118 JOO CHIAT ROAD,1.3138416337121,103.899026144702,118 JOO CHIAT ROAD SINGAPORE 427407
GOLDHILL SHOPPING CENTRE,173A THOMSON ROAD,173A THOMSON ROAD,1.31792429355453,103.843311644871,173A THOMSON ROAD GOLDHILL SHOPPING CENTRE SINGAPORE 307623
AXA TOWER,8 SHENTON WAY,8 SHENTON WAY,1.27576579650302,103.847236991881,8 SHENTON WAY THE SKYWATERS SINGAPORE 068811
EVERSHINE AND CENTURY COMPLEX,43B BEACH ROAD,43B BEACH ROAD,1.29626658345066,103.855838016327,43B BEACH ROAD EVERSHINE & CENTURY COMPLEX SINGAPORE 189681
SIME DARBY CENTRE,896 DUNEARN ROAD,896 DUNEARN ROAD,1.33669726404395,103.783723416319,896 DUNEARN ROAD CHILDFIRST@DUNEARN PTE. LTD. SINGAPORE 589472
ORCHID HOTEL,1 TRAS LINK,1 TRAS LINK,1.27693674900724,103.843847224885,1 TRAS LINK ORCHID HOTEL SINGAPORE 078867
AFRO-ASIA BUILDING,63 ROBINSON ROAD,63 ROBINSON ROAD,1.27892485520723,103.849127024633,63 ROBINSON ROAD AFRO-ASIA SINGAPORE 068894
THE GOLDEN LANDMARK,390 VICTORIA STREET,390 VICTORIA STREET,1.30197196437956,103.857804288546,390 VICTORIA STREET THE GOLDEN LANDMARK SINGAPORE 188061
HOLLY BUILDING,"36,36A,36B,36C HONGKONG STREET",36 HONGKONG STREET,1.2873997619591,103.847250493747,36 HONGKONG STREET GWP CENTRE SINGAPORE 059675
N.A.,169 JOO CHIAT ROAD,169 JOO CHIAT ROAD,1.31257321881143,103.900344095016,169 JOO CHIAT ROAD SINGAPORE 427729
N.A.,32 SOUTH BRIDGE ROAD,32 SOUTH BRIDGE ROAD,1.28818596400048,103.848527266426,32 SOUTH BRIDGE ROAD TELOK AYER CONSERVATION AREA SINGAPORE 058667
BALESTIER PLAZA,400 BALESTIER ROAD,400 BALESTIER ROAD,1.32572472557093,103.850395374025,400 BALESTIER ROAD BALESTIER PLAZA SINGAPORE 329802
N.A.,15 HILL STREET,15 HILL STREET,1.35818735145476,103.758792363577,15 CHU YEN STREET HILLVIEW GARDEN ESTATE SINGAPORE 669819
HOUGANG GREEN SHOPPING MALL,21 HOUGANG STREET 51,21 HOUGANG STREET 51,1.3792452907016,103.887832017102,21 HOUGANG STREET 51 HOUGANG GREEN SHOPPING MALL SINGAPORE 538719
ST MICHAEL'S PLACE,1 JALAN TAMAN,1 JALAN TAMAN,1.32505522536131,103.865178186819,1 JALAN TAMAN SAINT MICHAEL'S PLACE SINGAPORE 329022
N.A.,"23,27,29,31,33 NEW BRIDGE ROAD",23 NEW BRIDGE ROAD,1.2887268273636,103.847574761012,23 NEW BRIDGE ROAD SINGAPORE 059389
NORTH BRIDGE CENTRE,420 NORTH BRIDGE ROAD,420 NORTH BRIDGE ROAD,1.29721595747338,103.854944618825,420 NORTH BRIDGE ROAD BERITH BIBLE-PRESBYTERIAN CHURCH SINGAPORE 188727
DIMENSIONS BUILDING,"23C,25C KAMPONG BAHRU ROAD",23C KAMPONG BAHRU ROAD,1.27708979191955,103.836580334145,23 KAMPONG BAHRU ROAD DIMENSIONS BUILDING SINGAPORE 169349
DIMENSIONS BUILDING,"23B,25B KAMPONG BAHRU ROAD",23B KAMPONG BAHRU ROAD,1.27708979191955,103.836580334145,23 KAMPONG BAHRU ROAD DIMENSIONS BUILDING SINGAPORE 169349
EVERSHINE AND CENTURY COMPLEX,43C BEACH ROAD,43C BEACH ROAD,1.29626658345066,103.855838016327,43C BEACH ROAD EVERSHINE & CENTURY COMPLEX SINGAPORE 189681
MYP PLAZA,135 CECIL STREET,135 CECIL STREET,1.27987479120973,103.848767757078,135 CECIL STREET PHILIPPINE AIRLINES BUILDING SINGAPORE 069536
TWENTY ANSON,20 ANSON ROAD,20 ANSON ROAD,1.27536902177375,103.845646949217,20 ANSON ROAD TWENTY ANSON SINGAPORE 079912
SINSOV BUILDING,55 MARKET STREET,55 MARKET STREET,1.28446676154254,103.850660645126,55 MARKET STREET SINGAPORE 048941
SPCS BUILDING,250 SIMS AVENUE,250 SIMS AVENUE,1.31488406937583,103.882622561971,250 SIMS AVENUE SPCS BUILDING SINGAPORE 387513
CITY PLAZA,810 GEYLANG ROAD,810 GEYLANG ROAD,1.3147868971977,103.893472115119,810 GEYLANG ROAD CITY PLAZA SINGAPORE 409286
GOLDEN WALL CENTRE,89 ENBLOC SHORT STREET,89 SHORT STREET,1.30394178690249,103.851485335347,89 SHORT STREET HOTEL MI ROCHOR SINGAPORE 188216
THE PROMENADE@PELIKAT,183 JALAN PELIKAT,183 JALAN PELIKAT,1.35530904178242,103.887857183262,183 JALAN PELIKAT THE PROMENADE@PELIKAT SINGAPORE 537643
N.A.,"45,45A MACPHERSON ROAD",45 MACPHERSON ROAD,1.32865622154442,103.870310687487,45 MACPHERSON ROAD BLEU CASTLE LLP SINGAPORE 348469
N.A.,25 HOOT KIAM ROAD,25 HOOT KIAM ROAD,1.29648247326565,103.830003209637,25 HOOT KIAM ROAD HOOT KIAM MANSION SINGAPORE 249407
LIANG SEAH COURT,8 LIANG SEAH STREET,8 LIANG SEAH STREET,1.29798277931997,103.856632698216,8 LIANG SEAH STREET SINGAPORE 189029
REALTY CENTRE,15 (ENBLOC) ENGGOR STREET,15 ENGGOR STREET,,,
GOLDHILL SHOPPING CENTRE,181A THOMSON ROAD,181A THOMSON ROAD,1.3184407784765,103.843615995542,181A THOMSON ROAD GOLDHILL SHOPPING CENTRE SINGAPORE 307627
CUPPAGE PLAZA,5 KOEK ROAD,5 KOEK ROAD,1.30199868252287,103.84073976691,5 KOEK ROAD CHURCH OF PRAISE SINGAPORE 228796
BUGIS JUNCTION TOWERS,230 VICTORIA STREET,230 VICTORIA STREET,1.29981260775979,103.855955399263,230 VICTORIA STREET BUGIS JUNCTION TOWERS SINGAPORE 188024
FRAGRANCE BUILDING,168 CHANGI ROAD,168 CHANGI ROAD,1.31689484080716,103.902801672539,168 CHANGI ROAD CHERIE HEARTS KIDZ KINGDOM PTE. LTD. SINGAPORE 419730
BEAUTY WORLD PLAZA,140 UPPER BUKIT TIMAH ROAD,140 UPPER BUKIT TIMAH ROAD,1.34180018619223,103.776259359854,140 UPPER BUKIT TIMAH ROAD BEAUTY WORLD PLAZA SINGAPORE 588176
THOMSON PLAZA,301 UPPER THOMSON ROAD,301 UPPER THOMSON ROAD,1.35466902496424,103.830919782333,301 UPPER THOMSON ROAD THOMSON PLAZA SINGAPORE 574408
KH KEA BUILDING,333 NORTH BRIDGE ROAD,333 NORTH BRIDGE ROAD,1.29604625720329,103.853472387903,333 NORTH BRIDGE ROAD ODEON 333 SINGAPORE 188721
N.A.,146 ROBINSON ROAD,146 ROBINSON ROAD,1.27816986052439,103.848096101169,146 ROBINSON ROAD UOI BUILDING SINGAPORE 068909
PANDAN VALLEY,2 PANDAN VALLEY,2 PANDAN VALLEY,1.32044171187429,103.778972458647,"2 PANDAN VALLEY PANDAN VALLEY, ACACIA COURT SINGAPORE 597626"
OXLEY @ RAFFLES,30 RAFFLES PLACE,30 RAFFLES PLACE,1.28419337002984,103.851954013719,30 RAFFLES PLACE BNI TOWER SINGAPORE 048622
SEASIDE PARK,15 JALAN SAUDARA KU,15 JALAN SAUDARA KU,1.31101534283989,103.920670423536,15 JALAN SAUDARA KU SEASIDE PARK SINGAPORE 457451
THE CITRON,1 MARNE ROAD,1 MARNE ROAD,1.31258887477104,103.857214433401,1 MARNE ROAD THE CITRON SINGAPORE 208380
FU LU SHOU COMPLEX,149 ROCHOR ROAD,149 ROCHOR ROAD,1.30151258571919,103.854497235401,149 ROCHOR ROAD FU LU SHOU COMPLEX SINGAPORE 188425
ABI PLAZA,11 KEPPEL ROAD,11 KEPPEL ROAD,1.27311087070405,103.842871095268,11 KEPPEL ROAD ABI PLAZA SINGAPORE 089057
PLUS,20 CECIL STREET,20 CECIL STREET,1.28305868511019,103.85047428531,20 CECIL STREET PLUS SINGAPORE 049705
N.A.,71 ROBINSON ROAD,71 ROBINSON ROAD,1.27838397079891,103.848812961411,71 ROBINSON ROAD 71 ROBINSON SINGAPORE 068895
ANSON CENTRE,51 ANSON ROAD,51 ANSON ROAD,1.27450787128852,103.845710221103,51 ANSON ROAD ANSON CENTRE SINGAPORE 079904
ONZE @ TANJONG PAGAR,11 KEE SENG STREET,11 KEE SENG STREET,1.27484974836861,103.842184815618,11 KEE SENG STREET ONZE @ TANJONG PAGAR SINGAPORE 089218
OUE BAYFRONT/OUE TOWER/OUE LINK,"50,60,62 COLLYER QUAY",50 COLLYER QUAY,1.28316691041157,103.852968257556,50 COLLYER QUAY OUE BAYFRONT SINGAPORE 049321
N.A.,108 ROBINSON ROAD,108 ROBINSON ROAD,1.27954844710103,103.848970997768,108 ROBINSON ROAD SINGAPORE 068900
N.A.,1C YIO CHU KANG ROAD,1C YIO CHU KANG ROAD,1.35408470224454,103.877546953105,1C YIO CHU KANG ROAD SINGAPORE 545509
N.A.,152A JOO CHIAT ROAD,152A JOO CHIAT ROAD,1.31320067800883,103.8995312003,152A JOO CHIAT ROAD SINGAPORE 427430
CERTIS CISCO CENTRE,20 JALAN AFIFI,20 JALAN AFIFI,,,
N.A.,16 KIM KEAT LANE,16 KIM KEAT LANE,1.32381813883759,103.853672271732,16 KIM KEAT LANE SINGAPORE 328874
MIDPOINT ORCHARD,220 ORCHARD ROAD,220 ORCHARD ROAD,1.30178778502846,103.838659766022,220 ORCHARD ROAD MIDPOINT ORCHARD SINGAPORE 238852
MAXWELL HOUSE,20 ENBLOC MAXWELL ROAD,20 MAXWELL ROAD,,,
PETAIN RD/TYRWHITT RD CONSERVATION AREA,255A JALAN BESAR,255A JALAN BESAR,1.31011321731862,103.85814062133,255A JALAN BESAR PETAIN ROAD/TYRWHITT ROAD CONSERVATION AREA SINGAPORE 208928
N.A.,56 JOO CHIAT PLACE,56 JOO CHIAT PLACE,1.31338206552744,103.901648960009,56 JOO CHIAT PLACE SINGAPORE 427780
KENSINGTON SQUARE,2 JALAN LOKAM,2 JALAN LOKAM,1.34560719747232,103.882695128109,2 JALAN LOKAM KENSINGTON SQUARE SINGAPORE 537846
PRESTIGE POINT,398 UPPER PAYA LEBAR ROAD,398 UPPER PAYA LEBAR ROAD,1.34963982805912,103.880190196309,398 UPPER PAYA LEBAR ROAD PRESTIGE POINT SINGAPORE 534986
GEYLANG CONSERVATION AREA,791 GEYLANG ROAD,791 GEYLANG ROAD,1.31518273880481,103.891736027175,791 GEYLANG ROAD GEYLANG CONSERVATION AREA SINGAPORE 389676
ONE DUSUN RESIDENCES,1 JALAN DUSUN,1 JALAN DUSUN,1.32696539864482,103.84367423097,1 JALAN DUSUN ONE DUSUN RESIDENCES SINGAPORE 329363
15 SCOTTS,15 SCOTTS ROAD,15 SCOTTS ROAD,1.30788492696723,103.83273062786,15 SCOTTS ROAD 15 SCOTTS SINGAPORE 228218
HIGHLAND CENTRE,22 YIO CHU KANG ROAD,22 YIO CHU KANG ROAD,1.35538775194974,103.877259450345,22 YIO CHU KANG ROAD HIGHLAND CENTRE SINGAPORE 545535
MILLAGE,55 CHANGI ROAD,55 CHANGI ROAD,1.31691626281217,103.898989823682,55 CHANGI ROAD SINGAPORE 419709
FENG MING BUILDING,288 JALAN BESAR,288 JALAN BESAR,1.31056078083496,103.858895468729,288 JALAN BESAR KM7 SINGAPORE 208951
ONE GEORGE STREET,1 GEORGE STREET,1 GEORGE STREET,1.28565854479174,103.84780786573,1 GEORGE STREET HIGH COMMISSION OF CANADA SINGAPORE 049145
CENTRAL SQUARE,20 HAVELOCK ROAD,20 HAVELOCK ROAD,1.28842848666711,103.84230028531,1 MAGAZINE ROAD UNION SQUARE CENTRAL SINGAPORE 059567
EAST VILLAGE,430 UPPER CHANGI ROAD,430 UPPER CHANGI ROAD,1.3317758150305,103.946201241591,430 UPPER CHANGI ROAD EAST VILLAGE SINGAPORE 487048
ROBINSON 112,112 ROBINSON ROAD,112 ROBINSON ROAD,1.27928232862918,103.848816437936,112 ROBINSON ROAD 112 ROBINSON SINGAPORE 068902
PIL BUILDING,140 CECIL STREET,140 CECIL STREET,,,
CROSS STREET EXCHANGE,"18,20,22 CROSS STREET",18 CROSS STREET,1.28355426127583,103.846882908595,18 CROSS STREET 18 CROSS SINGAPORE 048423
SLF BUILDING,510 THOMSON ROAD,510 THOMSON ROAD,1.3336502448472,103.839419152835,510 THOMSON ROAD SINGAPORE 298135
CONNEXION,1 FARRER PARK STATION ROAD,1 FARRER PARK STATION ROAD,1.31247326486217,103.853929522508,1 FARRER PARK STATION ROAD CONNEXION SINGAPORE 217562
N.A.,32 PENHAS ROAD,32 PENHAS ROAD,1.30946239045228,103.862296972346,32 PENHAS ROAD SINGAPORE 208191
MERCHANTS BUILDING,76 ENBLOC SOUTH BRIDGE ROAD,76 SOUTH BRIDGE ROAD,1.28696625647615,103.847834337689,76 SOUTH BRIDGE ROAD MERCHANTS BUILDING SINGAPORE 058706
CHIAT HONG BUILDING,110 MIDDLE ROAD,110 MIDDLE ROAD,1.29897975517742,103.853856480041,110 MIDDLE ROAD CHIAT HONG BUILDING SINGAPORE 188968
NEHSONS BUILDING,24 PECK SEAH STREET,24 PECK SEAH STREET,1.27827675001581,103.844847488529,24 PECK SEAH STREET HOTEL (U/C) SINGAPORE 079314
TAHIR BUILDING,140 ROBINSON ROAD,140 ROBINSON ROAD,1.27840697711555,103.848235943353,140 ROBINSON ROAD TAHIR BUILDING SINGAPORE 068907
MMI BUILDING,"70,72 SOUTH BRIDGE ROAD",70 SOUTH BRIDGE ROAD,1.28709625845764,103.847903177041,70 SOUTH BRIDGE ROAD MMI BUILDING II SINGAPORE 058700
N.A.,60 SOUTH BRIDGE ROAD,60 SOUTH BRIDGE ROAD,1.28749570595752,103.848115003507,60 SOUTH BRIDGE ROAD SINGAPORE 058690
THE COMMERZE@IRVING,1 IRVING PLACE,1 IRVING PLACE,1.33623678708616,103.88643382511,1 IRVING PLACE THE COMMERZE@IRVING SINGAPORE 369546
GEYLANG CONSERVATION AREA,259A GEYLANG ROAD,259A GEYLANG ROAD,1.31248726712219,103.877424666128,259A GEYLANG ROAD GEYLANG CONSERVATION AREA SINGAPORE 389315
SOHO 188,188 RACE COURSE ROAD,188 RACE COURSE ROAD,1.31119207325572,103.85327574283,188 RACE COURSE ROAD SOHO 188 SINGAPORE 218612
TELOK AYER CONSERVATION AREA,54 SOUTH BRIDGE ROAD,54 SOUTH BRIDGE ROAD,1.28763241185547,103.848195801997,54 SOUTH BRIDGE ROAD TELOK AYER CONSERVATION AREA SINGAPORE 058685
SOLITAIRE ON CECIL,148 CECIL STREET,148 CECIL STREET,1.28052373415224,103.848501581262,148 CECIL STREET SOLITAIRE ON CECIL SINGAPORE 069974
LIBERTY HOUSE,51 CLUB STREET,51 CLUB STREET,1.28195427575105,103.846007309767,51 CLUB STREET UNION HOUSE SINGAPORE 069428
N.A.,258 JALAN BESAR,258 JALAN BESAR,1.30992494776752,103.858481909879,258 JALAN BESAR SINGAPORE 208933
SUNHAVEN,781 UPPER CHANGI ROAD EAST,781 UPPER CHANGI ROAD EAST,1.34813938708512,103.962084910434,781 UPPER CHANGI ROAD EAST SUNHAVEN SINGAPORE 486069
NOMU,20 HANDY ROAD,20 HANDY ROAD,1.2998091733077,103.846962853661,20 HANDY ROAD NOMU SINGAPORE 229236
VIVA VISTA,3 SOUTH BUONA VISTA ROAD,3 SOUTH BUONA VISTA ROAD,1.27980322314972,103.78590960328,3 SOUTH BUONA VISTA ROAD VIVA VISTA SINGAPORE 118136
ONE CLAYMORE,1 CLAYMORE DRIVE,1 CLAYMORE DRIVE,1.30756236897064,103.829352193027,1 CLAYMORE DRIVE EMBASSY OF ROMANIA SINGAPORE 229594
VISIONCREST,103 PENANG ROAD,103 PENANG ROAD,1.29910790069205,103.842700035576,103 PENANG ROAD VISIONCREST SINGAPORE 238467
N.A.,55 LORONG L TELOK KURAU,55 LORONG L TELOK KURAU,1.3118205086709,103.910557235164,55 LORONG L TELOK KURAU BRIGHT CENTRE SINGAPORE 425500
NEW WORLD CENTRE,1 JALAN BERSEH,1 JALAN BERSEH,1.30778509510261,103.857010982845,1 JALAN BERSEH SINGAPORE 209037
WILMER PLACE,50 ARMENIAN STREET,50 ARMENIAN STREET,1.29436707678809,103.849678556536,50 ARMENIAN STREET WILMER PLACE SINGAPORE 179938
MAPLETREE ANSON,60 ANSON ROAD,60 ANSON ROAD,1.27481626802236,103.845177360665,60 ANSON ROAD SINGAPORE 079914
N.A.,20 HARBOUR DRIVE,20 HARBOUR DRIVE,1.28308482616916,103.779351452161,20 HARBOUR DRIVE SINGAPORE 117612
TRIO,11 SAM LEONG ROAD,11 SAM LEONG ROAD,1.3090777890253,103.856932443349,11 SAM LEONG ROAD TRIO SINGAPORE 207903
ASCENT @ 456,456 BALESTIER ROAD,456 BALESTIER ROAD,1.32657360790909,103.848359893837,456 BALESTIER ROAD ASCENT @ 456 SINGAPORE 329832
ONE SOPHIA,1 SOPHIA ROAD,1 SOPHIA ROAD,1.30121862271795,103.849592475825,1 SOPHIA ROAD ONE SOPHIA SINGAPORE 228149
TOKIO MARINE CENTRE,20 MCCALLUM STREET,20 MCCALLUM STREET,1.27958236092444,103.847918363171,20 MCCALLUM STREET TOKIO MARINE CENTRE SINGAPORE 069046
20 COLLYER QUAY,20 COLLYER QUAY,20 COLLYER QUAY,1.28468928277083,103.852692297865,20 COLLYER QUAY 20 COLLYER QUAY SINGAPORE 049319
THE GOLDEN MILE,800 BEACH ROAD,800 BEACH ROAD,1.30267575412705,103.865061686677,800 BEACH ROAD THE GOLDEN MILE SINGAPORE 199979
N.A.,80 JALAN SENANG,80 JALAN SENANG,1.32598286142663,103.916424224823,80 JALAN SENANG SINGAPORE 418433
SGX CENTRE 2,4 SHENTON WAY,4 SHENTON WAY,1.27927719519315,103.849796993929,4 SHENTON WAY SGX CENTRE SINGAPORE 068807
JUNCTION NINE,18 YISHUN AVENUE 9,18 YISHUN AVENUE 9,1.4331228398318,103.84166098599,18 YISHUN AVENUE 9 JUNCTION NINE SINGAPORE 768897
PAVILION SQUARE,345 GEYLANG ROAD,345 GEYLANG ROAD,1.31297800060859,103.879770800217,345 GEYLANG ROAD PAVILION SQUARE SINGAPORE 389366
WING FONG BUILDING,5B GUILLEMARD ROAD,5B GUILLEMARD ROAD,1.30888641448774,103.87726882556,5B GUILLEMARD ROAD WING FONG BUILDING SINGAPORE 399685
WISMA ATRIA,435 ORCHARD ROAD,435 ORCHARD ROAD,1.30369890679412,103.833189592785,435 ORCHARD ROAD EMBASSY OF THE REPUBLIC OF POLAND SINGAPORE 238877
BUKIT PASOH BUILDING,3 BUKIT PASOH ROAD,3 BUKIT PASOH ROAD,1.2785892985582,103.840743458366,3 BUKIT PASOH ROAD BUKIT PASOH BUILDING SINGAPORE 089817
GOLDHILL SHOPPING CENTRE,181B THOMSON ROAD,181B THOMSON ROAD,1.3184407784765,103.843615995542,181B THOMSON ROAD GOLDHILL SHOPPING CENTRE SINGAPORE 307627
KINDOL GARDENS,69 JALAN MALU-MALU,69 JALAN MALU-MALU,1.44381831625272,103.825776599411,69 JALAN MALU-MALU KINDOL GARDENS SINGAPORE 769683
REHAU BUILDING,1 KING GEORGE'S AVENUE,1 KING GEORGE'S AVENUE,1.30714018450423,103.858643250322,1 KING GEORGE'S AVENUE REHAU BUILDING SINGAPORE 208557
N.A.,111 DEVONSHIRE ROAD,111 DEVONSHIRE ROAD,1.29972188487555,103.836622472407,111 DEVONSHIRE ROAD SINGAPORE 239877
